,,,,,,,,,,,,
,,HARGA PERKIRAAN SENDIRI (HPS),,,,,,,,,,
,,"BELANJA JASA KONSULTANSI
JASA KONSULTANSI PENYUSUNAN BASIS DATA PENDAPATAN ASLI DAERAH",,,,,,,,,,
,,,,,,,,,,,,
,,TAHUN ANGGARAN 2026,,,,,,,,,,
,,,,,,,,,,,,
,,,,,,,,,,,,
,,"ANGGARAN  : Rp. 100.000.000,-",,,,,,,,,,
,,,,,,,,,,,,
,,HARGA PERKIRAAN SENDIRI (HPS),,,,,,,,,,
,,Nomor,,Rincian pekerjaan,Volume,,,,"Harga Satuan
(Rp)","Jumlah
(Rp)",,
,,I,,Biaya Personil,,,,,,"54.000.000,00",,
,,,1,Tenaga Ahli Pemerintahan Daerah,1,x,3,ob,"6.000.000,00","18.000.000,00",,"S-2, Ilmu Pemerintahan, 5 tahun"
,,,2,Tenaga Ahli Ekonomi,1,x,3,ob,"6.000.000,00","18.000.000,00",,"S-1, Ilmu Manajemen, pengalaman 7 tahun"
,,,3,Tenaga Ahli Sains Data,1,x,3,ob,"6.000.000,00","18.000.000,00",,"S-2, Teknologi Informasi, pengalaman 5 tahun"
,,,,,,,,,,,,
,,II,,Biaya Non Personil,,,,,,"35.800.000,00",,
,,,1,Honorarium narasumber dan moderator,4,x,1,kali,"1.000.000,00","4.000.000,00",,
,,,2,Bantuan akomodasi & transportasi narasumber,3,x,1,ok,"4.000.000,00","12.000.000,00",,
,,,4,Paket half-day meeting,28,x,3,ok,"225.000,00","18.900.000,00",,
,,,5,Biaya Cetak dan Jilid Laporan Akhir,2,x,300,lbr,"500,00","300.000,00",,
,,,6,Hard disc external 500 gigabite (GB),1,x,1,pcs,"600.000,00","600.000,00",,
,,,,,,,,,,,,
,,,,,,,,,,,,
,,,,Jumlah,,,,,,"89.800.000,00",,
,,,,,,,,,,,,
,,,,PPN 11%,,,,,,"9.878.000,00",,
,,,,,,,,,,,,
,,,,JUMLAH TOTAL,,,,,,"99.678.000,00",,
,,,,,,,,,,,,
,,,,,,,,,,,,
,,,,,,,,"Yogyakarta, 30 Maret 2026",,,,
,,,,,,,,"PPKom,",,,,
,,,,,,,,,,,,
,,,,,,,,"Raden Roro Andarini,S.E., M.Si.",,,,
,,,,,,,,NIP. 19720317 199703 2 004,,,,